filename,bytes,sha256,width,height,format
1000028787.jpg,191882,6b7581c4430f29751bd58d5e697c3e32491e526750d787f3f15260a483fb4463,691,1536,JPEG
1000028788.jpg,194878,e97c5a1bc3c931bc36616f8bd7e9294a5cf95c4576ab1cdbdf63ade4e39edda9,691,1536,JPEG
1000028789.jpg,209374,ccb8a09d83b5fd4e06212725e41bd07ec035b86ab6ebd91ea143d180402d9200,691,1536,JPEG
1000028790.jpg,203832,7ededd734be166eb37964e06808882ddb790ce71d3e8c30db9fd053f0f4b1ad7,691,1536,JPEG
1000028791.jpg,198606,7539b5894710089a4a305b1d3549d3e119a4bb05ce5df5b4648d580a536b0486,691,1536,JPEG
1000028792.jpg,189241,20833e9d55a5a1b129769c9233e7711c1bf906fac861b7dcd4a7a0ea5c787c5e,691,1536,JPEG
1000028798.jpg,204787,ebf97e14da037609d33590d70d3a17eb51951d51223f65dab56ae814b1e6f92a,691,1536,JPEG
1000028799.jpg,193324,a8d9c8e5ac3e27c3bd6fde52fd2e41ee9f23c968bc67384acbc630db351864b7,691,1536,JPEG
1000028800.jpg,153422,3fa93fabda189ccfd9190bd6d3778c54bce6524ae8899f56d0f96f2d76f4d27b,691,1536,JPEG
1000028801.jpg,150222,a74f78d63c32423facf3612c83a064afbbbe8f8cc2abc9907e22b9f11b32f7a6,691,1536,JPEG
1000028802.jpg,183749,716dc65932b83723ac346154a21ec04b8a1e1d23ad0ae1867105f8a88c9a7622,691,1536,JPEG
1000028803.jpg,185394,6db680704a4709ffc2973fdb94168ed04a4762574c8f8d81c65fbda9e038893a,691,1536,JPEG
1000028804.jpg,164668,b4f6646ddab992936ee51d74cf901d6bbeaedd410d7a8f2d06a68b7d267eb9e1,691,1536,JPEG
1000028805.jpg,175036,7d8229f1489a75250e204ec47855b195a9fef2e823df69b4048a21a2e514da7e,691,1536,JPEG
1000028806.jpg,175421,8985b687b6671c1fe0ad941ac5651c8de5a5e3e1fa9917d65f1d0ac8308d5e85,691,1536,JPEG
1000028808.jpg,181987,5f67d3c903dd994812c621960db4ea29db119d79fb8c4af077abc47698d6d06a,691,1536,JPEG
1000028977.jpg,214305,17e380193226ec595dd957c5f1b7f79a4248337f203815028347a3b9ecf2c9a6,921,2048,JPEG
1000028978.jpg,210362,25c45c9c8e322d55fb473c5b1adf47e143e91a2e4c89ae1319ffab5fad53c84d,691,1536,JPEG
1000028979.jpg,196567,8ff710efd09cb18f03b7214b6dd7198b991632dba813591ab6e053b07591070a,691,1536,JPEG
1000028980.jpg,199633,c17ef9363932f31634994de396b5dbc5b0f705889a1a461dbd8066c2f7e9cc1f,691,1536,JPEG
1000028981.jpg,210122,4f32d1205ca2c2abf7753ac7cf4192e9815657dcd36235888402a65493e496fd,691,1536,JPEG
1000028982.jpg,177452,c31c4ae19c49a83575a25379de7619627494cde7feb09cba6e002e30b34e6574,691,1536,JPEG
1000028983.jpg,197559,1dc26796a558f8b359024d8138bf0d1f9c4d47c79ba5367aff554b665ed50544,691,1536,JPEG
1000028984.jpg,203307,5028af7756d587cb62e43f312fe8cb66a97300856c893c9a3aa728e1fb7fb473,691,1536,JPEG
1000028985.jpg,207290,a586f4e14c269ea306793c1a271cb6ad77fadd90afdafcff1e77313a96bf74c0,691,1536,JPEG
1000028986.jpg,212755,e0c031f55022679e734f797211af93ce21a86b1fc25a789f77d33b796423e817,691,1536,JPEG
1000028987.jpg,182105,dd20c6df31deeae16e721f1566ed5d62d38a2a4c67b9a50f6fa69393d2dad8d1,691,1536,JPEG
1000028988.jpg,230443,b50da97e479f76e9426a1bce1a94632044d08aa023ea762ebcabdc508c53db10,691,1536,JPEG
1000028989.jpg,189553,1bf3ebba0eeab9ff367b345857439b024e89bd5bd3d427153014ed8dbb7ae38c,691,1536,JPEG
1000028990.jpg,199390,8614643036482f17604d062871f09241d118253cb5e051b15fbaff77cb622805,691,1536,JPEG
1000028991.jpg,189125,3b60a19e7ef8dc1b9ca338f7a3b7d4d1fd3b949bdf3ff8f1fd86995f3231d84c,691,1536,JPEG
1000028992.jpg,191028,0230e09326cb200c104976b16eb3d72cb2a970208639147460a34e86a00f482d,691,1536,JPEG
1000028993.jpg,172674,41c7c8d4543e6a61c93a19fb5824afcb07a0c1c8c38904e6f6ead5eb1ecacfbf,691,1536,JPEG
1000028994.jpg,180724,e9f9f3c96a6b781477df8b17ee86af345e95f5063b84752ad32c3c7f80503967,691,1536,JPEG
1000028995.jpg,240253,485044f93a9d5cbf4f02c931cd73ae3a4bdb5ff976cba7d10c23e57233acd84f,691,1536,JPEG
1000028996.jpg,202972,3166012c60b29b5ffc349716b0bb86b8451ec48bd73ee7731a4cb7ec495d9090,691,1536,JPEG
1000028997.jpg,182450,9e7aa8ed483efb400024c75acd50a68ac08373efecf4be9676e37eb39d0ec0d4,691,1536,JPEG
1000028998.jpg,191144,5cd1962ad4569bb66adf6580a8bd39ded25cd4ab77adc4efc91a51b2ec1d66e1,691,1536,JPEG
1000028999.jpg,168530,dd63fbbfaeb92f41a04f03f77af053494141a02292d16d25a3c65f094b22e18d,691,1536,JPEG
1000029000.jpg,220280,5e14c8caf2be280ac710b0c4dcc19e658dcde1305211c91d949245e8a8abf172,691,1536,JPEG
1000029001.jpg,208616,43a20a7367b30256a958ad9a6e6fb5dc881bf6b771a9bc3e7cd1d76f5d3e4c5e,691,1536,JPEG
1000029002.jpg,207921,b8138b2e78343c55126a241c058ac6bb2e09073d3e567d5740609c7f075b003f,691,1536,JPEG
1000029003.jpg,201996,a896b8fa6c9554252ec7e4ef19d6022622bb40181210d81f4ae60bb7da6577cc,691,1536,JPEG
1000029004.jpg,186934,b1308f3eb1509d21988a9261e022a5b4d6a12a7224ef6e018ea46074ee385ce5,691,1536,JPEG
1000029005.jpg,160036,0ce59d7125b62e2781983dbdae749e240b76cce6f2db3a7787cba8614fe6c327,691,1536,JPEG
1000029006.jpg,156040,87f27c38f9f0ab2d908ac933113a519a88f76441ca81b218b1e7b9409bee931c,691,1536,JPEG
1000029007.jpg,165538,7d247026cbb43e1a4d62bd43b1dbe7e1865333f0d9075e0b16f931295f1fcf2c,691,1536,JPEG
1000029008.jpg,183021,3af7300e11c75e7fd47bde72ade8c102c03d2f0f4ec11e2d3ceea8bcacdca224,691,1536,JPEG
1000029009.jpg,196622,6056bdba17913d21957fbd3a21aac9182de4729ab56ddd9357a9206d2b3f1e64,691,1536,JPEG
1000029010.jpg,175319,de07f19b0be68b0a9fdbc7682ee4a200b9fc051e0a4af9e774a3a8857085118f,691,1536,JPEG
1000029014.jpg,181506,08798a4da28087e815bb88f91000837e0216733422ec30a8596bfbb88cda1c02,691,1536,JPEG
1000029031.jpg,168482,cc6cad59f1ffb21fa6058ccd97bed865e2321e50b32b66db1223916eb2afb04f,691,1536,JPEG
1000029032.jpg,186483,d7e939d219558523a275d97ba77c5b66fb7cff31ae5f589db8fd7a1aa061040e,691,1536,JPEG
1000029033.jpg,189862,7b35283c7fafe859f9033d807a7ea3f2a4ea8a4e49522e94ad8593294bdb64ac,691,1536,JPEG
1000029034.jpg,183664,bb6a750b6197b29a2858c3d9f01f0233507334e1d4c685e0fc58f5634ac0be33,691,1536,JPEG
1000029035.jpg,178493,7f80bdcab405490cebd9ab3626490a6dcffdfa050ed3f083f43d598b6eb6bb07,691,1536,JPEG
1000029036.jpg,192385,d10bc85dbc633de6e53712ffb3d2998742592a1f0001ac8938a3ed0d0214937d,691,1536,JPEG
1000029046.jpg,164031,7b84ffb4b6e82c4c1d2933239b1779860cb5aed35a286172d1ae74aedcd4a480,691,1536,JPEG
1000029047.jpg,174805,5314323cbd0cd9fd983a2d67a0d16a7488de7bb01f07ecfbaabb255f4d605076,691,1536,JPEG
1000029122.jpg,183277,956053a4fe32ec2effce6c5dab6e7e450c6453d8db14e9630f1a04d8bb567aa4,691,1536,JPEG
1000029123.jpg,194874,9a7a5c6e91aa57ab5b8d0f3f3a489a03dbf918ea5b04d5be94c2e3adf25d668e,691,1536,JPEG
1000029124.jpg,209287,6d1fd8d2eed41e8b48129a5eba77a7191ab8788fb2d12ea351cd50d240334511,691,1536,JPEG
1000029125.jpg,210084,d32598d42f39ccf8a10d4dc5beef44ee0504cbc020f14800c5d2a9ff9199c1fa,691,1536,JPEG
1000029126.jpg,172391,fc99be1c4f41852b996f2ca035df01e6e79205331c9f2017197ecbca28187e40,691,1536,JPEG
1000029127.jpg,211290,73a87a7e738c7b470b69e9d889c8fcdfca145804af02b24ea96d79e216d9a359,691,1536,JPEG
1000029128.jpg,177872,92e96953574ace1ccc222b19e08291ce505544828af772d0aab771f8a343dc8d,691,1536,JPEG
1000029129.jpg,186689,dca3d1c36ed3aae352fdbdb0d779d061e5bbf5ef453c9aed477a7ba5443fd5ab,691,1536,JPEG
1000029130.jpg,178506,333d4def78b259d0c403549169f84de56d4432fbf04e5390d9ae1f567c102357,691,1536,JPEG
1000029131.jpg,193391,02740f7a0b92fbf7d7bcab6486172fb3130a37e4097314f499c11fe986dba543,691,1536,JPEG
1000029142.jpg,133548,45bc3edf7901da79182674451fecf32e4272ffd4af8af00c9a211f31f0f360df,691,1536,JPEG
1000029143.jpg,155750,98bb485393b2cef14641dbc0c99472d30eb13fcf0969f7c38504d6f2fee5235e,691,1536,JPEG
1000029144.jpg,163226,b2d91eaecffb82646ca08a480f901964f64ae3ca10960908ad8bf1c01c4315d0,691,1536,JPEG
1000029145.jpg,148971,8cc4a5e86c773e24b89ce13b8dad920da08ba7bfc405782ed79b3465e5c88cd4,691,1536,JPEG
1000029146.jpg,157323,41269788e24afbe8343553301f60bfd8713a41b8e779a26b833f2a7d7c97c0df,691,1536,JPEG
1000029147.jpg,151125,f7a7809a256edbc992f0c9c8c02cd4ef7af87957dc1ab25ea41953e2a34ea3bb,691,1536,JPEG
1000029148.jpg,170466,a06c6708643a3114c752b2b7a7a1eeaa55d0eb93921829cb02a851c8750f724e,691,1536,JPEG
1000029149.jpg,140221,6688e057babf4673b317b8d93c973cc7213733ad90866bb7ceb027ee2759d4ec,691,1536,JPEG
1000029150.jpg,149752,8757d2cf306b37b6d8f27902457f299237b75c6675c5c05de5f5419ddd6fc0f8,691,1536,JPEG
1000029151.jpg,138937,63c71a8c408d4216359c6557407adccce7fadf7e24c74d4829efbc379ba5100c,691,1536,JPEG
1000029153.png,230445,3f9b576358abc4db792c1b5d9a1c8816d96f7f5fa079798469cbaaafc5d0261f,864,1536,JPEG
1000029154.png,245008,008639387ac12d54711e31ef698a222982b9e4e365b1a37ddd6f23b3a56a50c9,864,1536,JPEG
1000029155.jpg,134818,25a5493799b62041d0536bdf3e62ac3a3c3437ef0cf48a63227ed2ccf42f8709,708,1536,JPEG
1000029156.jpg,198700,5f5a44516909106bd58b8cd069cec7e024e78cb710f506523b4476f92909af46,691,1536,JPEG
1000029157.jpg,189258,83e8a7b699472eb86ad3cd79eb555c5704d322cbe38c67a6f5c6dfde1354bba3,691,1536,JPEG
1000029158.jpg,198527,2b072c2a055845473d226a1b7fedb94a11e93ae351c23c8d004a0eb948b35a85,691,1536,JPEG
1000029159.jpg,186241,f14fd0a18313008dbf6aac10580c83eb649d3bc7c1320c63e9d9484506250c08,691,1536,JPEG
1000029160.jpg,190855,36bd2dc866d1b76ffac9230f2558d41fc24ff63f0c896beb86ec94a24d01282d,691,1536,JPEG
1000029161.jpg,201099,07c23296a29cbaddc3bbbb35a504044e8857c8d073cada6f12f4066b46e814d1,691,1536,JPEG
1000029162.jpg,211297,5a66abf2e742c8f72f74699b156be9ab9827547c49772eb55b7f4116f8e5d333,691,1536,JPEG
1000029163.jpg,213087,b4e7f5acab62073cea5184491ca3426ffbb2ee4e5411b1b5ff59d4410e00e5fa,691,1536,JPEG
1000029164.jpg,208518,5f0be4347ff66829f916ed984396943cd6142fdb801ae9245279a83a923cbf00,691,1536,JPEG
1000029165.jpg,180919,b2b3bf72b4f9a49de1d58f632091d431a1a09b7adc951e79dd4e8518859bf0a3,691,1536,JPEG
1000029166.jpg,204265,0fbbcbd8d38e502d8dd72bfb81e209b2522ef7f745b0cc30c4906089a70002b2,691,1536,JPEG
1000029167.jpg,216446,116ae90b4ca74f363d8c7bde0ad432c33af780d1c4b189ef61c0d8ebc5397e84,691,1536,JPEG
1000029168.jpg,202557,1e70ab5581dc6d278655a823057682eb2f09982aa9c9081293f9b9dc86d8e0bf,691,1536,JPEG
1000029169.jpg,209188,0f48fc7fed2709620591cb838bf42277761e5983060ac0a3d861a447bd0152a2,691,1536,JPEG
1000029170.jpg,193550,4fdfa3c03ba3280474b5ae182135cc4322d21a038dfa7af96953ea4530aea698,691,1536,JPEG
1000029171.jpg,210564,5bd8f2c32d7e5f23c5f0f8914470fc3f2d89f92b718f50248b6864c2818fe655,691,1536,JPEG
1000029172.jpg,197018,cc383968ec3f6e36cdc7c16be5a3a9ae56b9f1909e5e58bf71b565f6bd994ae1,691,1536,JPEG
1000029173.jpg,178618,f0ebb1695bec46be7faea4f29ca34b781da074b6fcec58984f63a1d80336acbb,691,1536,JPEG
1000029174.jpg,166563,4c090becadb2a8d2220fec2e31f1eb3204b63e24dd84d928476a41312b3607dc,691,1536,JPEG
1000029175.jpg,177321,52c9286c6264258a7860308e85156cb3bc7a40db57ee658efcbd7a56d431b6a3,691,1536,JPEG
1000029176.jpg,172920,e04431da31517e523595dbf281d2cc14b1629beb38059db75181170f523fe095,691,1536,JPEG
1000029177.jpg,216995,36ed80eb6838af22f9c924e5882a9b2d6679dac481f744b51396694c91337b89,691,1536,JPEG
1000029178.jpg,214692,9f4cb19b7248be4d26e61278bd192939feda79a3ec494386cdc64510b77b2896,691,1536,JPEG
1000029179.jpg,210837,133a0fbbb8642c09947cf217fb6db8e7a5dafb9cefd33bf8d80ae253127fefbf,691,1536,JPEG
1000029180.jpg,208469,1b326c5f4e733a2045577f3aa1c62febd79b773d5e5d899c2b3069d3729c91b5,691,1536,JPEG
1000029183.jpg,208496,de9761b5b41d92dd1175cef98364bb8c90e8cea1e913cdb45cf5c88d9256572b,691,1536,JPEG
1000029184.jpg,223132,2939ec5f3ffd393d5469458d50be7104f21dca967b60eee87c5a363fbaedf7d8,691,1536,JPEG
1000029185.jpg,215730,80169fd65c105752c38579ce4b5be87f9fadccb54f3a8af1042de20dc8a05c93,691,1536,JPEG
1000029188.jpg,182441,cd6d96de40591b0491ea1f81dcd883ed33b3c2e5484e081ed9843afa44322534,691,1536,JPEG
1000029189.jpg,153423,60259436f742bd1fffa2923509f625120aec9496885f98691ffeaea6650bf846,691,1536,JPEG
1000029292.jpg,202445,96d340a86bf04b3c4ac7c312ab60597ce06a63a5f80928d86c221b3692de162d,691,1536,JPEG
1000029293.jpg,147009,e4d4d27b3d92575bce1a24bf01158a702329992ac7140650f0d5be9aecf8a735,691,1536,JPEG
1000029294.jpg,179501,7b80089dbaf8fe9d1e2e803352ec69d3bd50baabda6eb5139afecd5d90200055,691,1536,JPEG
1000029295.jpg,201587,4cfc18764cad63d7be2262dd23298551975a2bbd7e627d76fb34c97119b9c9e0,691,1536,JPEG
1000029296.jpg,224116,1b6d2f34e8252f14300f4d3f057b1ec386a057058889727f783a9cf0c95fb6a7,691,1536,JPEG
1000029297.jpg,207087,6e51985c70d3e7c7c7cc877137483dc7bec2bb9983056bb33ff0278f74679f7f,691,1536,JPEG
1000029298.jpg,188254,bd69f397fb278c0cea78a1bd9d5ff88588df52f322cab8cf8be7228883ca2227,691,1536,JPEG
1000029299.jpg,179505,779c2612044983f49d2d4340b695a4669cab63fc42dace6dab5f3124cd09e8b9,691,1536,JPEG
1000029300.jpg,200731,4aa40b696c4d457a2cba883fdca242b7f1f84f8a5f9b22c6469ae1170efd280f,691,1536,JPEG
1000029301.jpg,205345,4c7d556f96376b756710e631eae2dac11c58086ca322284827d766ce3dfd897b,691,1536,JPEG
1000029302.jpg,190085,00d6f04f8ec873df2e200cda02455d0b5250f88e7f61d903824a5f7204616193,691,1536,JPEG
1000029303.jpg,206951,209b87b9a9f6091ecf8bdd66f78dbc6edd9c16c1c07404f919f84c75a8fa8662,691,1536,JPEG
1000029304.jpg,182357,e6cd016762131c6046120c45743363378728a9acb210faabcda307d32389bb32,691,1536,JPEG
1000029305.jpg,202249,386d0fc940b10ce3e2d1a8f8ad0e02733699c29ef25a8f28235ed20a6eb8adef,691,1536,JPEG
1000029306.jpg,199174,f068b893e6b90d6ae06db8ee26796d3d57646fc3f249f094f66b5cde813f27bd,691,1536,JPEG
1000029307.jpg,220449,ae97aa63b3c1678705a309320031ebf50b89a552c734efc887f768d1126e8d57,691,1536,JPEG
1000029315.jpg,218671,7f47c5ee749acfd1bb70a51182edd12d5ae209fa8a1e21667ba10dc75617761a,691,1536,JPEG
1000029319.jpg,163868,46cdb3f7592f5e304a258e44a09a2c8a4499ac8aedad1cc2770f40b00f265d05,691,1536,JPEG
1000029367.jpg,213629,ea2cf08589d29f6a31e29f7ae205af08d3c048f41eea4870a3f684a936940ff2,691,1536,JPEG
1000029368.jpg,183253,da4bdd7df5a6d0e7c2273d196d300c3febe6c9ee7cd5f521a65d683d1687d918,691,1536,JPEG
1000029369.jpg,191560,2e86e4b7b21a953e4c85d04c2a2fd50db8cf460c192f4a4910fdfe907bc2256a,691,1536,JPEG
1000029370.jpg,199947,439d8b64953d94314e4202be57a84961909f80e033845c03ea77a401035c428a,691,1536,JPEG
1000029371.jpg,200982,c6bc73a5be952568f6e6c5483791dd5c95c90b037d4761804d1cf159b9ca6f0d,691,1536,JPEG
1000029372.jpg,202243,71e2649a4c6045925431b093a0380395cb9d92f9610d1b72dd34b0f58c0d418b,691,1536,JPEG
1000029374.jpg,208925,7cd0d9fdf96aab8a86cc94d787fc62a8a7f238beb2cd8a7a7776c2f77ef9a698,691,1536,JPEG
1000029375.jpg,211545,ce957f30fc813f4e75d0dce834b8017745bb97658f80c22c2ba0bc190829bee1,691,1536,JPEG
1000029376.jpg,173599,e91624da78771d44b31cc631892eedd2d7faa679ecba6930ad8fb1017e685608,691,1536,JPEG
1000029377.jpg,221530,cc08429ea1729d09072c3c0b20c8c19f87eb9060dfe9d74a24326dd43d4de2bb,691,1536,JPEG
1000029378.jpg,208337,ff99d8c72cfa56d7ba7845aa5222c9bcbbcbe22b2dd21105a5e44b8960c3ac87,691,1536,JPEG
1000029379.jpg,202680,58a540cd51efc6488e0cfcd7327b6bcd5a1b091149dc6ef5eb6c2bdf8b47dbdf,691,1536,JPEG
1000029380.jpg,145742,71ade76f579806cd4db7626d5b570d8a4a863648ca318bad718cb4bc35b483d0,691,1536,JPEG
1000029381.jpg,151487,9539bc9ed131f82b991e5cc33696d969712e474f03c80d77ff8292da891ba64f,691,1536,JPEG
1000029382.jpg,170125,1fc5dbcf95f20e9fca443fd410e5675478a4d70a7a31159d122f24d757994a3f,691,1536,JPEG
1000029383.jpg,193949,bd75dc91936950172801ee01e76b17fa69c582db5317e2326a4eafc1c3c8fd50,691,1536,JPEG
1000029384.jpg,203343,833358c6a43803acaa87b1e2844fb729df10d546d12ee6413efb4463db862cfd,691,1536,JPEG
1000029385.jpg,228749,198ee1f3b961090921f9f3125d8ed04e5f1b14ca80afb539b3b910d39d810011,691,1536,JPEG
1000029386.jpg,185066,dd0536d8f88bd7b32e42a00fc749338d73c487f340e907eed84243dfa1e67767,691,1536,JPEG
1000029387.jpg,181618,957cf4834c2506dbf674c373181fecc17966e41123408a3eb8b1974844b08572,691,1536,JPEG
1000029405.jpg,179683,054a6bf515c9b0b7c7f360b269e15a0a6d0a43d36d10ff33b3f7800f97bd0b6f,691,1536,JPEG
1000029428.jpg,170731,ce77ef522dc092feed3c8126fdd95256a8c8d3d214f055a6e53fe7099298369b,691,1536,JPEG
1000029429.jpg,177170,ba6a2034efa919afe41a36f3ad3cc6ac7cc840a69f708defd336c74aab3eb66b,691,1536,JPEG
1000029430.jpg,149097,967d5e8ef24f4ade2f09dce23cf02ceb6d2d358be9dbdfdf6515b682425d75c1,691,1536,JPEG
1000029431.jpg,162316,6d9e80a170b2f7f3c57bf3e3aaf253e0f918ae30524a9587838bb2f62c2fcc8c,691,1536,JPEG
1000029432.jpg,194664,18769ba46244ee78ef4b56ac1a963caa4c33bab5239be7136f02864913140470,691,1536,JPEG
1000029433.jpg,168390,cf330d32aafba0975c2d50e99fc58ddbdfdd3b11b14c5b6fa18ac1634ffa2ec5,691,1536,JPEG
1000029434.jpg,148745,622d24cdd5295225d8aca21835a5bc53bb57ed9d1cf554cc2d436dd49fc82f09,691,1536,JPEG
1000029435.jpg,168253,8ba1a6694cfd300ca669d939b5982d39f9752d609ed9675118b520a2db080bfb,691,1536,JPEG
1000029436.jpg,186543,a972c8d7c9e9e8ba99a98f7e834b36532ba00a3b864709ec34e0c374186ccb16,691,1536,JPEG
1000029437.jpg,217493,095cb17d48f495a6a71efb7a5188e8453c3f443f8b922715cfcd9c71175a7e4c,691,1536,JPEG

